Solar,Wind
39.03935241699219,
2849.8728057861326,
14249.3642578125,
,3.2699151039123535
,3.456365871429443
,365.0
