Daily Wind Power (Logarithmic),Daily Wind Power (Power Law),Daily Solar Energy (kWh/m²),Seasonal Solar Energy (kWh/m²),Total Annual Solar Energy (kWh/m²),Total Energy (kWh) Logarithmic,Total Energy (kWh) Power Law
246987.109375,233139.21875,56.44102478027344,467.3316955566406,934.6634521484375,545347.536,514771.392
296967.53125,284017.9375,56.44102478027344,467.3316955566406,934.6634521484375,655704.336,627111.6
322887.90625,311923.375,56.44102478027344,467.3316955566406,934.6634521484375,712936.512,688726.8
